app,len,t,metric,value
Original,184,0.02,dtlb-load-misses-demand-ld-walk-completed,41695775
Original,184,0.02,dtlb-load-misses-demand-ld-walk-completed,43329060
Original,184,0.02,dtlb-load-misses-demand-ld-walk-completed,27987821
Original,184,0.02,dtlb-load-misses-demand-ld-walk-completed,44344482
Original,184,0.02,dtlb-load-misses-demand-ld-walk-completed,30157962
Original,184,0.02,dtlb-load-misses-demand-ld-walk-completed,27293706
Original,184,0.02,dtlb-load-misses-demand-ld-walk-completed,38565847
Original,184,0.02,dtlb-load-misses-demand-ld-walk-completed,28978090
Original,184,0.02,dtlb-load-misses-demand-ld-walk-completed,29666742
Original,184,0.02,dtlb-load-misses-demand-ld-walk-completed,27871532
